{
  "dataset": "two_moons",
  "backend": "qsvm_statevector",
  "accuracy": 0.675,
  "precision": 0.65,
  "recall": 0.6842105263157895,
  "f1_score": 0.6666666666666666,
  "confusion": [
    [
      14,
      7
    ],
    [
      6,
      13
    ]
  ]
}