{
  "dataset": "banknote",
  "backend": "qsvm_statevector",
  "accuracy": 0.775,
  "precision": 0.7333333333333333,
  "recall": 0.6875,
  "f1_score": 0.7096774193548387,
  "confusion": [
    [
      20,
      4
    ],
    [
      5,
      11
    ]
  ]
}