{
  "dataset": "two_moons",
  "backend": "qsvm_qasm",
  "accuracy": 0.7,
  "precision": 0.6521739130434783,
  "recall": 0.7894736842105263,
  "f1_score": 0.7142857142857143,
  "confusion": [
    [
      13,
      8
    ],
    [
      4,
      15
    ]
  ]
}