{
  "dataset": "two_moons",
  "backend": "qsvm_statevector",
  "accuracy": 0.7,
  "precision": 0.8,
  "recall": 0.4444444444444444,
  "f1_score": 0.5714285714285714,
  "confusion": [
    [
      10,
      1
    ],
    [
      5,
      4
    ]
  ]
}