{
  "dataset": "two_moons",
  "backend": "qsvm_qasm",
  "accuracy": 0.75,
  "precision": 1.0,
  "recall": 0.4444444444444444,
  "f1_score": 0.6153846153846154,
  "confusion": [
    [
      11,
      0
    ],
    [
      5,
      4
    ]
  ]
}