{
  "dataset": "two_moons",
  "backend": "classical_svm_cpu",
  "accuracy": 0.97,
  "precision": 0.9791666666666666,
  "recall": 0.9591836734693877,
  "f1_score": 0.9690721649484536,
  "confusion": [
    [
      50,
      1
    ],
    [
      2,
      47
    ]
  ]
}