{
  "dataset": "banknote",
  "backend": "qsvm_statevector",
  "accuracy": 0.65,
  "precision": 0.5833333333333334,
  "recall": 0.56,
  "f1_score": 0.5714285714285714,
  "confusion": [
    [
      25,
      10
    ],
    [
      11,
      14
    ]
  ]
}