{
  "dataset": "two_moons",
  "backend": "qsvm_statevector",
  "accuracy": 0.8,
  "precision": 0.8571428571428571,
  "recall": 0.6666666666666666,
  "f1_score": 0.75,
  "confusion": [
    [
      10,
      1
    ],
    [
      3,
      6
    ]
  ]
}