backend,dataset,train_time_seconds,predict_time_seconds
classical_svm_cpu,banknote,0.0008485317230224609,0.000225067138671875
classical_svm_cpu,two_moons,0.0009267330169677734,0.00024390220642089844
