{
    "dataset": "two_moons",
    "backend": "classical_svm_cpu",
    "accuracy": 0.9266666666666666,
    "precision": 0.9383561643835616,
    "recall": 0.9133333333333333,
    "f1_score": 0.9256756756756757,
    "confusion": [
        [
            141,
            9
        ],
        [
            13,
            137
        ]
    ]
}