{
    "dataset": "banknote",
    "backend": "qsvm_statevector",
    "accuracy": 0.825,
    "precision": 0.75,
    "recall": 0.8823529411764706,
    "f1_score": 0.8108108108108109,
    "confusion": [
        [
            36,
            10
        ],
        [
            4,
            30
        ]
    ]
}