{
    "dataset": "two_moons",
    "backend": "qsvm_statevector",
    "accuracy": 0.8,
    "precision": 0.8235294117647058,
    "recall": 0.7368421052631579,
    "f1_score": 0.7777777777777778,
    "confusion": [
        [
            18,
            3
        ],
        [
            5,
            14
        ]
    ]
}